早上七点开空调,HomeAppliance-Control
客厅空调风速低一些低一些,HomeAppliance-Control
打开烤箱的开关按钮,HomeAppliance-Control
儿童房的空调调高4度,HomeAppliance-Control
让洗衣机停止工作好吗,HomeAppliance-Control
我要出去旅游几天，帮我把灯设置为离家模式吧,HomeAppliance-Control
可不可以把电饭煲开到蛋糕模式呢,HomeAppliance-Control
这个烧水壶可以关闭了,HomeAppliance-Control
把卧室的空调开到十八度,HomeAppliance-Control
温度咋还是这么低，告诉我下取暖器现在的温度,HomeAppliance-Control
现在把空气净化器设置成高速模式行嘛,HomeAppliance-Control
这时候不想吹风扇了，帮我关掉,HomeAppliance-Control
放了些干货，帮我把冰箱变温抽屉调到珍品档,HomeAppliance-Control
我现在就得关空调,HomeAppliance-Control
麻烦开启人体传感器,HomeAppliance-Control
开启空气净化器睡眠模式,HomeAppliance-Control
请告诉我下现在空调是多少度哇,HomeAppliance-Control
调低把我的空调温度调低些,HomeAppliance-Control
客厅的空调调低到28,HomeAppliance-Control
帮我打开加湿器,HomeAppliance-Control
鱼已经准备好了，帮我把蒸烤机的纯蒸模式开启吧,HomeAppliance-Control
打开音响，让它自动播放轻快的音乐,HomeAppliance-Control
可以帮我把蒸烤箱切换到童锁功能不,HomeAppliance-Control
帮我把冰箱冷冻室的温度调到零下25度吧,HomeAppliance-Control
天气好干，湿度器升到70吧,HomeAppliance-Control
把抽烟机的档位调大一些,HomeAppliance-Control
哎空调冷风给我打开,HomeAppliance-Control
帮我把热水器温度调到50度吧,HomeAppliance-Control
我想打开吸油烟机,HomeAppliance-Control
有点冷啊空调帮我关掉,HomeAppliance-Control
今天天气太好了，我想拍照，帮我把摄像机设置成连拍模式吧,HomeAppliance-Control
把电扇的风速调大一些太热了,HomeAppliance-Control
这个空调温度太高了，调低一点儿,HomeAppliance-Control
将空调切换到省电模式行不行呢,HomeAppliance-Control
开启水浸传感器,HomeAppliance-Control
把空调风速调大再调大,HomeAppliance-Control
把电扇风速升到最大,HomeAppliance-Control
帮忙帮冰箱开启节能模式,HomeAppliance-Control
今天需要洗两件真丝衣物，帮我切换到丝绸洗吧,HomeAppliance-Control
空调风速要最高最强,HomeAppliance-Control
把空调调高10度可以吗,HomeAppliance-Control
我准备看电影了，把灯调暗一些，调到观影模式。,HomeAppliance-Control
游泳池蓄水打开,HomeAppliance-Control
把风速开到6了吧空调的,HomeAppliance-Control
帮我把电饭煲调成煮饭模式。,HomeAppliance-Control
空调风速调高百分之25,HomeAppliance-Control
能帮我把空调温度调到22度吗,HomeAppliance-Control
我出门时忘记关电脑了，帮我关掉它,HomeAppliance-Control
客厅的灯有点暗，帮我把灯调亮些吧,HomeAppliance-Control
可以不可以把灯的亮度调高一点,HomeAppliance-Control
帮我打开智能闹钟，然后矫正一下时间吧,HomeAppliance-Control
空调可以调到18度吗,HomeAppliance-Control
可以帮我把空调切换到除湿模式吗,HomeAppliance-Control
衣服有些皱了，帮我打开电熨斗。,HomeAppliance-Control
帮我打开客厅的摄像头好吗,HomeAppliance-Control
今天太干燥了，帮我打开加湿器。,HomeAppliance-Control
给我把空调调低温度,HomeAppliance-Control
帮我把洗衣机切换到婴儿洗模式吧,HomeAppliance-Control
开启下蒸烤箱的小面积烧烤功能呢,HomeAppliance-Control
早上八点就可以把智能窗帘拉开了,HomeAppliance-Control
冰箱冷冻室温度调成零下17度好不好呢,HomeAppliance-Control
查询空气净化器还剩下多少,HomeAppliance-Control
可不可以打开空气净化器呀,HomeAppliance-Control
准备做烤肉，把蒸烤箱切换到热风烧烤模式吧,HomeAppliance-Control
让洗衣机空气洗试试可以不,HomeAppliance-Control
扫地机器人不要扫地了,HomeAppliance-Control
把洗衣机调为烘干模式。,HomeAppliance-Control
把空调调成最高的温度,HomeAppliance-Control
给我打开车库自动门,HomeAppliance-Control
空调风速调到最高,HomeAppliance-Control
我让你打开一下客厅的灯带,HomeAppliance-Control
天太热了，帮我把空调温度调低三度吧。,HomeAppliance-Control
帮我把空气净化器调成静音模式,HomeAppliance-Control
全屋杀菌模式关闭,HomeAppliance-Control
把空调的制热模式开启,HomeAppliance-Control
下雪了好冷呀，帮我打开取暖器吧,HomeAppliance-Control
给空调风速调大些,HomeAppliance-Control
空调冷气风速调至13,HomeAppliance-Control
查一下电磁炉剩余时间,HomeAppliance-Control
请将电扇调到3档好么,HomeAppliance-Control
给我把音响关了。,HomeAppliance-Control
把厨房灯的色温调到白光吧,HomeAppliance-Control
30分钟后关闭饮水机,HomeAppliance-Control
可以让洗衣机进入超快洗模式吗，赶时间呀,HomeAppliance-Control
我要起床，帮我把灯切换到起夜场景模式吧,HomeAppliance-Control
帮我把电暖气调至30度,HomeAppliance-Control
十分钟后打开客厅空调可以吗,HomeAppliance-Control
开启洗衣机的洗涤模式可以吗,HomeAppliance-Control
电视声音再调大点行不行呢,HomeAppliance-Control
可不可以帮我把加湿器调到1档呢,HomeAppliance-Control
想要风扇一直对着我吹，帮我让风扇停止摇头吧,HomeAppliance-Control
我已经休息好了，按摩器暂停使用。,HomeAppliance-Control
帮我把洗衣机的快洗模式打开。,HomeAppliance-Control
去把空调设置为省电模式。,HomeAppliance-Control
帮我看下冰箱冷藏室里有几个鸡蛋吧,HomeAppliance-Control
扫地机器人帮我关了吧,HomeAppliance-Control
请把所有灯都关掉好吗,HomeAppliance-Control
空调能否帮我开开呀,HomeAppliance-Control
这时候帮我把浴霸切换到暖风模式，太冷啦,HomeAppliance-Control
想烤点鸡翅来吃下，帮我把蒸烤箱切换到热风烧烤吧,HomeAppliance-Control
空调太低啦调高点儿,HomeAppliance-Control
比较赶时间，帮我把洗衣机调成30分钟快速洗吧,HomeAppliance-Control
我准备关闭空调,HomeAppliance-Control
开小一点空调风呗,HomeAppliance-Control
空调温度需要调低很多降5度吧,HomeAppliance-Control
半小时后帮我把微波炉里的饭菜热热吧,HomeAppliance-Control
怎么空调风速这么高低点儿,HomeAppliance-Control
吧空调调低百分之10,HomeAppliance-Control
我把昨天的饭菜都放到微波炉里了，中午十二点帮我加热一下吧,HomeAppliance-Control
我想吹空调了，帮我把客厅空调打开一下,HomeAppliance-Control
我要和男朋友打视频电话，开下电脑,HomeAppliance-Control
将电磁炉的温度调节为54摄氏度,HomeAppliance-Control
我忘记洗衣机有没有关闭，帮我查一下洗衣机状态,HomeAppliance-Control
离开的时候把空调关了啊,HomeAppliance-Control
这么墨迹呢 空调湿度调高点儿啊,HomeAppliance-Control
主卧空调风速调大到百分之50,HomeAppliance-Control
至最大空调风速要,HomeAppliance-Control
帮我把空气净化器打开吧,HomeAppliance-Control
给我关小到百分之50空调风,HomeAppliance-Control
立马关掉电视机,HomeAppliance-Control
晚上12点后把空调关了,HomeAppliance-Control
把洗衣机调为烘干模式,HomeAppliance-Control
有点闷呢，帮我把空调调为送风模式好吗,HomeAppliance-Control
嗯把空调温度调高点儿,HomeAppliance-Control
自动换水系统打开游泳池的,HomeAppliance-Control
我等会出门，帮我把电视机关机。,HomeAppliance-Control
中央空调温度调到最低吧，太热啦,HomeAppliance-Control
洗衣机开机我要洗衣服,HomeAppliance-Control
车库门关闭,HomeAppliance-Control
自动报警系统给我关闭,HomeAppliance-Control
想给孩子做点溶豆，帮我快点打开蒸烤箱吧,HomeAppliance-Control
关闭烟雾警报器,HomeAppliance-Control
将电扇灯开一下行不行呢,HomeAppliance-Control
关闭屋内所有电源,HomeAppliance-Control
请把暖风调高点啦,HomeAppliance-Control
把台灯调成温馨模式可以不呢,HomeAppliance-Control
浴霸照明灯请打开哈,HomeAppliance-Control
开启门窗传感器夜间模式,HomeAppliance-Control
太热了，把空调调到最低温,HomeAppliance-Control
把客厅灯的色温调为白光,HomeAppliance-Control
我要看会书，帮我把台灯开启阅读模式,HomeAppliance-Control
给我空调湿度条到百分之30,HomeAppliance-Control
想煮粥吃，帮我把电饭煲开启煮粥模式吧,HomeAppliance-Control
空调风速调大点到百分之30,HomeAppliance-Control
打开烟雾报警器,HomeAppliance-Control
嗯把空调调高,HomeAppliance-Control
查询洗衣机正在使用哪个模式,HomeAppliance-Control
告诉我空气净化器滤芯还有多少,HomeAppliance-Control
把卧室空调温度调到恒温模式好吗,HomeAppliance-Control
嗯打开床头阅读灯,HomeAppliance-Control
要睡觉了将灯关掉好吗,HomeAppliance-Control
空调调高一点一点儿就行,HomeAppliance-Control
能不能让空气净化器静音呢,HomeAppliance-Control
让蒸烤箱切换到热风对流吧,HomeAppliance-Control
空调风速大点调至百分之30,HomeAppliance-Control
汇报下冰箱里面今天过期的食物吧,HomeAppliance-Control
开始准备午饭了，首先帮我把电饭煲切换到快煮饭模式吧,HomeAppliance-Control
把空调风速调成最高的,HomeAppliance-Control
这时候可以帮我打开洗衣机并切换到智能洗模式吗,HomeAppliance-Control
我想让衣服快点干，让洗衣机进入脱水模式吧,HomeAppliance-Control
改成空调最的高温,HomeAppliance-Control
做完饭后油烟味太重，抽油烟机风速调大一点。,HomeAppliance-Control
把灯来个温馨模式看看,HomeAppliance-Control
给我把空调风速调到强力,HomeAppliance-Control
打开收音机，我想听下新闻,HomeAppliance-Control
查一下智能窗帘的开关状态,HomeAppliance-Control
帮我把家里空调全部关掉吧，准备出去啦,HomeAppliance-Control
我想做培根披萨，帮我把蒸烤箱切换到披萨模式吧,HomeAppliance-Control
把洗衣机开启脱水模式吧，我想让衣服快点干,HomeAppliance-Control
快去把空调风速最大,HomeAppliance-Control
去打开电冰箱的电源。,HomeAppliance-Control
关上人体传感器吧,HomeAppliance-Control
唉你给我把温度调高了呀,HomeAppliance-Control
天儿太冷了，我要打开空调,HomeAppliance-Control
把空调温度调高到20摄氏度,HomeAppliance-Control
帮我打开手电筒,HomeAppliance-Control
今天是回南天，帮我把中央空调切换到除湿模式,HomeAppliance-Control
帮我把洗衣机切换到单烘干模式,HomeAppliance-Control
空调的温度有点太低了给我关了,HomeAppliance-Control
电扇风速调小一些。,HomeAppliance-Control
关闭厨房烟雾警报器,HomeAppliance-Control
空调调低点我热,HomeAppliance-Control
帮我关闭太阳能热水器,HomeAppliance-Control
浴缸自动放水系统打开,HomeAppliance-Control
将二楼卧室空调关了可不可以呢,HomeAppliance-Control
帮我打开一下卫生间的灯可以吗,HomeAppliance-Control
可以让洗衣机空气洗不,HomeAppliance-Control
自动洗碗机的温度调到四十度来消毒,HomeAppliance-Control
帮我让加湿器切换到恒湿调节模式吧,HomeAppliance-Control
对将空调风速调8,HomeAppliance-Control
加大空调风速,HomeAppliance-Control
打开洗碗机,HomeAppliance-Control
可以帮我把空调调为节能模式吗,HomeAppliance-Control
空调往下调低到26度吧,HomeAppliance-Control
帮我打开客厅的灯好吧,HomeAppliance-Control
有点闷了，浴霸切换到换气功能吧,HomeAppliance-Control
我想要最大的空调风速 快调一下,HomeAppliance-Control
空气净化器的滤芯还有多少呢，告诉下我吧,HomeAppliance-Control
空调风太大了减一下,HomeAppliance-Control
快点帮我打开一下热水器吧,HomeAppliance-Control
把电熨斗的温度调低。,HomeAppliance-Control
将客厅的空气净化器打开吧,HomeAppliance-Control
打开门窗传感器,HomeAppliance-Control
空调风速低五十老人房的,HomeAppliance-Control
我等下要去睡觉了，给我关闭电脑。,HomeAppliance-Control
我想要做烤鱼，帮我开下蒸烤箱的上下烤功能吧,HomeAppliance-Control
将冰箱冷藏室温度调到5度吧,HomeAppliance-Control
准备睡觉了，帮我把空气净化器调成静音模式吧,HomeAppliance-Control
空调现在关上吧,HomeAppliance-Control
微波炉帮我解冻,HomeAppliance-Control
把电视音量调高到20,HomeAppliance-Control
好了可以打开暖气阀了,HomeAppliance-Control
风速调至最大你听不到吗空调的,HomeAppliance-Control
马上出门，记得帮我把空气净化器关掉哟,HomeAppliance-Control
关了电视机电源,HomeAppliance-Control
马上到家了，麻烦帮我开一下热水器，我想洗澡。,HomeAppliance-Control
准备收拾房间，让洗衣机开始洗衣服吧,HomeAppliance-Control
等半个小时后关掉电视,HomeAppliance-Control
半个小时后把电饭煲通电熬粥,HomeAppliance-Control
帮我把冷冻室降为负17度吧,HomeAppliance-Control
帮我把电扇调到1档可不可以呢,HomeAppliance-Control
我今天想喝果汁，把榨汁机打开。,HomeAppliance-Control
快给我把空调调高,HomeAppliance-Control
把空调再调低一些,HomeAppliance-Control
再将空调风速调大三格,HomeAppliance-Control
可以帮我把蒸烤箱提前预热到200度嘛,HomeAppliance-Control
浴霸切换到换气功能行嘛,HomeAppliance-Control
把空调给我调高6度,HomeAppliance-Control
设置电视进入儿童模式。,HomeAppliance-Control
空调往上调高到28,HomeAppliance-Control
这个智能音响可以打开，我想听听歌,HomeAppliance-Control
我希望当我醒了电视能自动打开播放新闻,HomeAppliance-Control
能否帮我打开热水机呢，我想喝热水,HomeAppliance-Control
空气净化器可以关上了，我一会要出门,HomeAppliance-Control
我需要你打开全屋杀菌模式,HomeAppliance-Control
打开收音机，我想听岳云鹏的相声,HomeAppliance-Control
帮忙把空调调为制热模式,HomeAppliance-Control
现在温度升高了，帮我把空调温度调到二十度。,HomeAppliance-Control
天气变热了，冰箱温度调低一档。,HomeAppliance-Control
我说给我打开所有的窗户,HomeAppliance-Control
可否帮我把浴霸开启强暖模式呢,HomeAppliance-Control
要午睡了，空气净化器调为睡眠模式好吗,HomeAppliance-Control
准备出门，把家里所有的灯都关掉吧,HomeAppliance-Control
给我打开全屋杀菌模式,HomeAppliance-Control
自动报警系统关闭,HomeAppliance-Control
可以试试蒸烤箱的3D热风模式不,HomeAppliance-Control
今天卧室空调的风速开到最大,HomeAppliance-Control
嗯把空调温度调低点儿,HomeAppliance-Control
我要存放一些虾，帮我把变温抽屉开到珍品档好吗,HomeAppliance-Control
这时候想让空调上下扫风行不行呢,HomeAppliance-Control
可以不可以把浴霸切换到制热功能,HomeAppliance-Control
还能不能打开自动报警系统了,HomeAppliance-Control
打开电视。,HomeAppliance-Control
卧室灯光有点刺眼，设成暖光可以吗,HomeAppliance-Control
打开天猫精灵，让它为我讲笑话,HomeAppliance-Control
我想把音响的音质调到安静,HomeAppliance-Control
我要小小的空调风速,HomeAppliance-Control
能不能把空调调整为节能模式呢,HomeAppliance-Control
能不能帮我打开音响,HomeAppliance-Control
听不见呀，帮我把电视开大点声吧,HomeAppliance-Control
打开音响，播放歌曲,HomeAppliance-Control
调很大很大的空调风速,HomeAppliance-Control
现在将加湿器调至3档吧,HomeAppliance-Control
这时候可以帮我打开洗衣机吧,HomeAppliance-Control
可以帮我把取暖器调到30度吗,HomeAppliance-Control
查查现在扫地机器人的状态,HomeAppliance-Control
麻烦把空调的风速调大,HomeAppliance-Control
电磁炉关一下,HomeAppliance-Control
客厅空调的风速放最高好吗,HomeAppliance-Control
我想听下广播，帮我开下收音机吧,HomeAppliance-Control
给我开电视,HomeAppliance-Control
帮我打开蒸烤机好吗，我要蒸鱼吃,HomeAppliance-Control
准备收拾收拾，扫地机器人开始工作,HomeAppliance-Control
打开一下风扇行不行呢,HomeAppliance-Control
这时候帮我把加湿器调到1档吧,HomeAppliance-Control
空气净化器设为强风模式可以吗,HomeAppliance-Control
我想洗澡了，电热水器帮我打开一下吧,HomeAppliance-Control
帮我把蒸烤箱调成红外烧烤可以不,HomeAppliance-Control
电视声音改为最小好吗,HomeAppliance-Control
让风扇定时半小时后关机,HomeAppliance-Control
食材已经准备好了，帮我切换到电饭煲的煲汤功能吧,HomeAppliance-Control
准备洗澡，帮我把热水器温度调成40度吧,HomeAppliance-Control
可不可以将蒸烤箱切换到热风对流功能呢,HomeAppliance-Control
调低空调有没有听到,HomeAppliance-Control
给我空调温度调低,HomeAppliance-Control
暖风再降低些,HomeAppliance-Control
风速给我调至最高啊空调的,HomeAppliance-Control
今天室内有点闷，帮我打开空气净化器吧,HomeAppliance-Control
卧室灯设成暖光可以吗,HomeAppliance-Control
听不见啊，电视声音再调大点吧,HomeAppliance-Control
准备休息了，切换到空调的睡眠模式吧,HomeAppliance-Control
让空调风速调至2,HomeAppliance-Control
碗筷都洗好了，消毒柜的电源开开。,HomeAppliance-Control
预约半小时后开启加湿器,HomeAppliance-Control
调高空调温度,HomeAppliance-Control
是否可以把空调的温度调为19度,HomeAppliance-Control
可以把取暖器温度调高点呢,HomeAppliance-Control
感觉室内空气太干燥，打开一下加湿器吧,HomeAppliance-Control
帮我把洗衣机关掉。,HomeAppliance-Control
我想自己做披萨，帮我把蒸烤箱切换到披萨模式,HomeAppliance-Control
好了关上车库门吧,HomeAppliance-Control
帮我把窗帘打开吧，让阳光透进来,HomeAppliance-Control
准备打扫卫生，扫地机器人可以扫地啦,HomeAppliance-Control
再大点空调风速调至八,HomeAppliance-Control
可以告诉我下冷藏室现在存放的有哪些食材吗,HomeAppliance-Control
我想要放点菠萝到冰箱的变温抽屉，帮我开启果蔬模式,HomeAppliance-Control
微波炉高火加热五分钟,HomeAppliance-Control
帮忙客厅空调最大风,HomeAppliance-Control
可以将空气净化器设为高速模式么,HomeAppliance-Control
将热水器温度调节为38度,HomeAppliance-Control
空调温度调低一度可以吗,HomeAppliance-Control
暖风调高成不成,HomeAppliance-Control
帮我关上空调可以吧,HomeAppliance-Control
洗衣机进入漂洗模式好吗,HomeAppliance-Control
现在帮我开开空调,HomeAppliance-Control
洗衣机节能模式帮我开下,HomeAppliance-Control
查看一下无线网的状态,HomeAppliance-Control
打开一下空调的灯光可以不可以呢,HomeAppliance-Control
现在帮我把窗帘关上吧，准备午休啦,HomeAppliance-Control
这时候把洗衣机切换到儿童锁,HomeAppliance-Control
这烟太呛了，快点给我打开排气扇,HomeAppliance-Control
快加强空调的风速,HomeAppliance-Control
电脑卡住了，给它关机得了,HomeAppliance-Control
空调风调轻,HomeAppliance-Control
怎么调大一点风速,HomeAppliance-Control
我想做个清蒸鱼，帮我把蒸烤箱调成纯蒸模式,HomeAppliance-Control
有点吵空调设置为静音吧,HomeAppliance-Control
今天太冷啦，帮我把浴霸设置成强暖模式好吗,HomeAppliance-Control
空调风调小10个点,HomeAppliance-Control
打开音响然后播放单依纯的如此,HomeAppliance-Control
第一时间打开烟雾报警器,HomeAppliance-Control
今天家里太潮湿了，帮我把空调切换到除湿功能好吗,HomeAppliance-Control
屋里的空调温度调成最低,HomeAppliance-Control
是否可以调为最大的空调风速哇,HomeAppliance-Control
再调大两个卧室的空调风,HomeAppliance-Control
我说你把卧室遮阳帘给我开开,HomeAppliance-Control
洗衣机的浸泡时间改为三十分钟,HomeAppliance-Control
提前帮我打开厕所的灯吧,HomeAppliance-Control
帮我把卧室风速调低一点吧,HomeAppliance-Control
空调暖风调成26吧,HomeAppliance-Control
空调风速给调至最大吧,HomeAppliance-Control
冰箱里是否有果汁呢，我想喝,HomeAppliance-Control
空调现在是多少度呢，可以告诉我下吗,HomeAppliance-Control
可以帮我中央空调温度降低两度不,HomeAppliance-Control
这电热毯咋不热了，帮我把电热毯加热一下吧,HomeAppliance-Control
可不可以将风扇的风小点啦,HomeAppliance-Control
打雷了，帮我快速关掉电脑吧,HomeAppliance-Control
我要做饭了，给我开开抽油烟机。,HomeAppliance-Control
打开窗帘,HomeAppliance-Control
孩子要学习了，帮我把台灯开启阅读模式,HomeAppliance-Control
蒸烤箱切换到3D热风模式吧,HomeAppliance-Control
切换成空调的干燥模式,HomeAppliance-Control
我要去做饭了，把抽烟机打开一下,HomeAppliance-Control
冷冻室温度有点高，帮我降3度行吧,HomeAppliance-Control
帮我让洗衣机进入脱水模式吧,HomeAppliance-Control
可以帮我把扫地机器人关掉吗,HomeAppliance-Control
打开智能机器人，让它自动播报今天最新的天气预报,HomeAppliance-Control
我需要让洗衣机先暂停下,HomeAppliance-Control
把小型榨油机打开。,HomeAppliance-Control
是否让风扇调成自然风吹吹,HomeAppliance-Control
现在帮我把中央空调切换到辅热模式吧,HomeAppliance-Control
现在把洗碗机切换到75℃高温除菌功能吧,HomeAppliance-Control
我想让你把冰箱给关机，我要出门几天,HomeAppliance-Control
空调风速调小多降点儿,HomeAppliance-Control
这回南天地太湿了，帮我开下空气除湿器吧,HomeAppliance-Control
洗衣机使用完了关机,HomeAppliance-Control
有点赶时间，帮我把电饭煲切换到快煮饭模式,HomeAppliance-Control
好无聊，想看下电视，打开电视机吧,HomeAppliance-Control
我想把空调关了。,HomeAppliance-Control
空气净化器可以帮我打开吗,HomeAppliance-Control
洗碗机运行速度减慢了，给我关掉它。,HomeAppliance-Control
帮我关闭热水器,HomeAppliance-Control
打开扫地机器人,HomeAppliance-Control
打开投影仪，我想看最火的一部剧,HomeAppliance-Control
将电烤炉调到最大。,HomeAppliance-Control
我想烤牛排，帮我让蒸烤箱切换到热风+蒸汽模式吧,HomeAppliance-Control
可以把空调风速调快些不,HomeAppliance-Control
电饭煲温度太低了，帮我升温,HomeAppliance-Control
用最大的风速 我说空调呢,HomeAppliance-Control
今天气温有点低，把饮水机温度调到70度。,HomeAppliance-Control
可以将空调设置为睡眠模式不,HomeAppliance-Control
预约明天八点洗衣吧,HomeAppliance-Control
帮我关闭车库自动门,HomeAppliance-Control
打雷了，把电脑关了吧,HomeAppliance-Control
帮我将风扇风级调为5级吧,HomeAppliance-Control
听不清啊电视音量开大吧,HomeAppliance-Control
预约一下明天八点洗衣吧,HomeAppliance-Control
我说你暖气给我关闭,HomeAppliance-Control
开启洗衣服30分钟洗衣功能吧,HomeAppliance-Control
帮我打开洗衣机，我要洗羽绒服,HomeAppliance-Control
我想把二楼的灯关掉行嘛,HomeAppliance-Control
将空调切换为自动升降温模式,HomeAppliance-Control
空调制冷模式定时两个小时,HomeAppliance-Control
我马上就要关掉空调,HomeAppliance-Control
让洗衣机开始脱水吧,HomeAppliance-Control
开一下儿童房的灯,HomeAppliance-Control
我想让浴室通下风，帮我让浴霸切换到吹风模式,HomeAppliance-Control
关闭空气净化器,HomeAppliance-Control
把烤箱关了。,HomeAppliance-Control
室内有点闷热，帮我把风扇打开吧,HomeAppliance-Control
帮我把窗帘打开好吗,HomeAppliance-Control
我想把卧室的床头灯调到柔和光,HomeAppliance-Control
关闭屋内所有水龙头,HomeAppliance-Control
把电饭煲调为保温模式。,HomeAppliance-Control
蒸烤箱切换到除垢模式吧，清洁一下,HomeAppliance-Control
把风速调至最大空调风速10啊,HomeAppliance-Control
可以让洗衣机暂停漂洗吗,HomeAppliance-Control
帮我把空调温度开高点吧,HomeAppliance-Control
帮我把冰箱冷藏室调到5档好吗,HomeAppliance-Control
能不能现在就把音响关掉，我想睡觉,HomeAppliance-Control
帮我把电饭煲开启保温功能吧,HomeAppliance-Control
想做个披萨吃，可以帮我把蒸烤箱切换到披萨模式不,HomeAppliance-Control
关闭阳台的太阳能热水器。,HomeAppliance-Control
可以帮我把冰箱变温抽屉调成冷鲜模式吗,HomeAppliance-Control
帮我在收音机上打个评书听听,HomeAppliance-Control
将热水器温度调为38摄氏度,HomeAppliance-Control
想做西式烤羊排，让蒸烤箱先预热到200度吧,HomeAppliance-Control
开启电饭煲保温模式,HomeAppliance-Control
中央空调切换到净化功能可以吗,HomeAppliance-Control
帮我开下电视可以不可以,HomeAppliance-Control
打开电动牙刷,HomeAppliance-Control
空调风速还可以快一点吧,HomeAppliance-Control
空调风速调至百分之42,HomeAppliance-Control
请将空调风调大再调大,HomeAppliance-Control
把空调调的高一点温度太低了,HomeAppliance-Control
时间有点赶，帮我把洗衣机切换到快洗15分钟吧,HomeAppliance-Control
快帮我把温度调成26吧,HomeAppliance-Control
30分钟后给我把电饭煲关闭。,HomeAppliance-Control
水浸传感器现在不需要关上,HomeAppliance-Control
洗碗机自动杀菌,HomeAppliance-Control
给我把空调的温度调低一点,HomeAppliance-Control
中央空调风速再调大点可不可以呀,HomeAppliance-Control
全屋杀菌模式给我打开,HomeAppliance-Control
想用电饭煲蒸鱼，帮我把电饭煲切换到蒸煮模式吧,HomeAppliance-Control
我想听录音，帮我开一下录音机,HomeAppliance-Control
暖风温度弄低空调的,HomeAppliance-Control
天黑了，加湿器开成夜间模式吧,HomeAppliance-Control
天气寒冷时将室内空调温度调为30摄氏,HomeAppliance-Control
给我调高健身房空调的温度,HomeAppliance-Control
书房静音模式开启,HomeAppliance-Control
让风速最高到4就行,HomeAppliance-Control
可以帮我把空调调到22度吗,HomeAppliance-Control
给我打开一下烟雾警报器,HomeAppliance-Control
打开宠物喂食器，让它2小时后自动喂食,HomeAppliance-Control
可以告诉我下冷藏室现在温度多少吗,HomeAppliance-Control
水浸传感器关闭,HomeAppliance-Control
把空调调成最低的温度,HomeAppliance-Control
将吹风机的冷风模式打开。,HomeAppliance-Control
放音乐空调温度调低,HomeAppliance-Control
空调风速搞小点儿,HomeAppliance-Control
空调调低到28度,HomeAppliance-Control
厨房色温调成中性灯可不可以呢,HomeAppliance-Control
空调太费电了，帮我切换成省电模式可好,HomeAppliance-Control
麻溜把这屋的空调湿度调高个百分之10,HomeAppliance-Control
帮我把冰冻室调成速冻模式,HomeAppliance-Control
把空调的温度调低3度。,HomeAppliance-Control
看一下空气净化器是不是可以打开。,HomeAppliance-Control
想吃冰棍，请问冰箱冷冻室有吗,HomeAppliance-Control
让扫地机器人充电吧,HomeAppliance-Control
打开蒸烤箱，准备做美食啦,HomeAppliance-Control
帮我把电饭煲切换到煮粥模式好吗,HomeAppliance-Control
20分钟后蒸烤箱开始工作吧,HomeAppliance-Control
让电视音量设置为最小吧,HomeAppliance-Control
我头发快干了，麻烦帮我把吹风机关闭。,HomeAppliance-Control
告诉我空调现在显示是多少度,HomeAppliance-Control
温度咋还是不高，告诉我下取暖器现在的温度,HomeAppliance-Control
关闭天然气阀门,HomeAppliance-Control
打开空调除湿,HomeAppliance-Control
空调设置为上下扫风模式行不,HomeAppliance-Control
地有点脏，帮我打开扫地机器人,HomeAppliance-Control
关掉电动车,HomeAppliance-Control
可不可以把蒸烤箱开启上下烤模式呢,HomeAppliance-Control
记得调低冰箱的温度。,HomeAppliance-Control
空调风轻点我要睡了,HomeAppliance-Control
下午三点帮我把电饭煲开启煮饭模式吧,HomeAppliance-Control
帮我把卧室台灯调成强光模式吧,HomeAppliance-Control
帮我把二楼卧室房间的灯开成温馨模式吧,HomeAppliance-Control
可以告诉我冰箱冷藏室温度现在是多少吗,HomeAppliance-Control
家里没人时，关闭空调,HomeAppliance-Control
能不能把空调冷风调大一点,HomeAppliance-Control
风扇档位调为3档可以吗,HomeAppliance-Control
请打开天然气警报器,HomeAppliance-Control
除湿机启动湿度查询功能哈,HomeAppliance-Control
气温回暖了，不用电火炉了。,HomeAppliance-Control
改成最高温度卧室空调的,HomeAppliance-Control
当室内湿度达到60%就关掉加湿器可以吗,HomeAppliance-Control
蒸烤箱切换到蒸汽自清洗功能试试哈,HomeAppliance-Control
将洗衣机切换到漂洗模式好不好,HomeAppliance-Control
把空调风速调大到原来的十分之一,HomeAppliance-Control
能不能把空调模式调成送风,HomeAppliance-Control
帮我把洗衣机切换到空气洗吧,HomeAppliance-Control
我的食物已经准备好啦，帮我把蒸烤箱切换到蒸汽功能模式吧,HomeAppliance-Control
可不可以帮我把空调调到17度呢,HomeAppliance-Control
麻烦快点儿打开电脑,HomeAppliance-Control
帮我把灯打开一下可以吗,HomeAppliance-Control
准备做蛋挞，帮我开启蒸烤箱的烘焙模式吧,HomeAppliance-Control
人体传感器关闭,HomeAppliance-Control
我想吃烤鱼，蒸烤箱开机预热到200度吧,HomeAppliance-Control
现在感觉有点凉了，让空调调高两度吧,HomeAppliance-Control
我想现在把空调切换成冷风模式,HomeAppliance-Control
空调给我温度调高百分之15,HomeAppliance-Control
我想喝热水，热水机帮我把水煮到100度吧,HomeAppliance-Control
请帮我把暖风温度再往小调一点,HomeAppliance-Control
我觉得空调风有点儿小来调大,HomeAppliance-Control
要最大空调风速好吗,HomeAppliance-Control
请切换成浴霸照明灯模式哈,HomeAppliance-Control
冰箱冷藏室温度再降两度可以不呢,HomeAppliance-Control
预约在一小时后打开家里的中央空调吧,HomeAppliance-Control
将冰箱变温抽屉开到果蔬档吧,HomeAppliance-Control
二楼卧室的空调打开吧,HomeAppliance-Control
今天想尝试自己做蛋糕，帮我开到蛋糕模式吧,HomeAppliance-Control
帮我让空气净化器切换到AUTO自动模式吧,HomeAppliance-Control
准备去洗澡了，帮我打开浴室的浴霸好吗,HomeAppliance-Control
今天太热了，去打开电风扇。,HomeAppliance-Control
把空调风速调低一些,HomeAppliance-Control
设置洗衣机单烘干模式好吗,HomeAppliance-Control
关掉门窗传感器了没有啊,HomeAppliance-Control
现在关一下风扇可不可以呢,HomeAppliance-Control
现在就要关闭空调,HomeAppliance-Control
空调往低调一下,HomeAppliance-Control
请打开左右次卧所有的窗,HomeAppliance-Control
请关闭天然气警报器,HomeAppliance-Control
快点儿启动大门智能锁,HomeAppliance-Control
这乌烟瘴气的，能不能帮我打开排气扇,HomeAppliance-Control
空调风减5,HomeAppliance-Control
预约下洗衣机明天九点开始洗衣吧,HomeAppliance-Control
现在想看电视，帮我把电视机开开。,HomeAppliance-Control
帮我把空调关上,HomeAppliance-Control
现在将洗衣机设置为标准洗吧,HomeAppliance-Control
查查冰箱冷藏室的温度是多少,HomeAppliance-Control
给我空调暖风改到26吧太冷了,HomeAppliance-Control
现在把空气净化器调到自动模式,HomeAppliance-Control
开启扫地机器人自动扫地模式,HomeAppliance-Control
把风扇打开一下行吧,HomeAppliance-Control
浴室好冷啊，帮我把浴霸调成强暖模式吧,HomeAppliance-Control
开启天然气警报器,HomeAppliance-Control
给我把空气加湿器关了。,HomeAppliance-Control
我准备休息，关上窗帘好么,HomeAppliance-Control
暖气调高点改到最高,HomeAppliance-Control
帮我把电视节目调到娱乐模式,HomeAppliance-Control
热水器可不可以帮我打开,HomeAppliance-Control
帮我把蒸烤箱切换到低温热风模式，我要风干牛肉,HomeAppliance-Control
快把电脑关掉,HomeAppliance-Control
帮我把蒸烤箱切换到抽水自动提醒功能吧,HomeAppliance-Control
不想吹风扇了，帮我关掉吧,HomeAppliance-Control
这时候帮我把空调模式改为送风吧,HomeAppliance-Control
需要智能浴缸接上热水，我要泡个澡,HomeAppliance-Control
能不能调小健身房的空调,HomeAppliance-Control
我需要你立刻打开门窗传感器,HomeAppliance-Control
让洗衣机进入节能模式呢,HomeAppliance-Control
开启冰箱节能模式,HomeAppliance-Control
把电视的音量调高一下,HomeAppliance-Control
空调风小3格子,HomeAppliance-Control
我要用洗衣机洗衣服，帮我把电源插上。,HomeAppliance-Control
放大空调风速到5,HomeAppliance-Control
可不可以把蒸烤箱调节为披萨模式,HomeAppliance-Control
空调风调至50,HomeAppliance-Control
把洗衣机调成消毒洗模式好吗,HomeAppliance-Control
我把碗筷放进去了，帮我打开洗碗机开启工作模式吧,HomeAppliance-Control
可以告诉我现在室内湿度多少吗,HomeAppliance-Control
给我把微波炉的温度调高一点,HomeAppliance-Control
我要起床，帮我打开床头灯吧,HomeAppliance-Control
给我语音播报智能窗帘的开关状态,HomeAppliance-Control
三个小时后电视关机,HomeAppliance-Control
空调温度升高到30度,HomeAppliance-Control
帮我把蒸烤箱切换到解冻模式吧,HomeAppliance-Control
是不是可以让风扇风量加强嘛,HomeAppliance-Control
让冰箱开启食材过期提醒功能吧,HomeAppliance-Control
打开车库自动门,HomeAppliance-Control
给我麻溜打开人体传感器,HomeAppliance-Control
天太热了，可不可以将热水器的温度降到35度,HomeAppliance-Control
现在将所有的灯关掉好吗,HomeAppliance-Control
给我打开门窗传感器,HomeAppliance-Control
帮我打开热水器，我想洗澡。,HomeAppliance-Control
空调温度调到恒温模式好吗,HomeAppliance-Control
现在把客厅的色温调成中性光吧,HomeAppliance-Control
把空调调为变频模式吧,HomeAppliance-Control
我想使用吹风机，帮我开一下,HomeAppliance-Control
调高到百分之50空调温度,HomeAppliance-Control
那么帮我把灯打开吧,HomeAppliance-Control
将二楼主卧的小台灯关掉吧,HomeAppliance-Control
太暗了，可以把浴霸的照明灯打开吗,HomeAppliance-Control
空调风速这么大啊降低点,HomeAppliance-Control
电饼铛的火力调到最大。,HomeAppliance-Control
我要给宝宝洗衣服，帮我切换到洗衣机的除螨洗吧,HomeAppliance-Control
给玩具室杀毒打开杀毒系统,HomeAppliance-Control
这时候帮我把电视关机吧,HomeAppliance-Control
我要把风扇设置为摇头模式。,HomeAppliance-Control
马上进浴室，帮我把浴霸切换到制热功能,HomeAppliance-Control
客厅空调帮我打开行吧,HomeAppliance-Control
调至空调最大风速好吧,HomeAppliance-Control
我需要放些水果，帮我把冰箱变温抽屉开到果蔬档,HomeAppliance-Control
我想把电热毯的温度调高一点。,HomeAppliance-Control
关闭所有的车库门,HomeAppliance-Control
把家里的冰箱关掉。,HomeAppliance-Control
太吵了，帮我关掉音响,HomeAppliance-Control
浴霸吹风功能用一下,HomeAppliance-Control
将空调切换到省电模式吧,HomeAppliance-Control
今天想吃柴火饭，电饭煲切换到柴火饭模式吧,HomeAppliance-Control
现在帮我开启冰箱的智能模式,HomeAppliance-Control
我就要把冰箱调到零下五度,HomeAppliance-Control
空调调为睡眠模式吧,HomeAppliance-Control
麻烦开开空调，太热了,HomeAppliance-Control
哎呀温度再调低一点空调的,HomeAppliance-Control
空调风速降低百分之50呀,HomeAppliance-Control
空调不制冷了，帮我关掉。,HomeAppliance-Control
现在帮我把智能饮水机开开,HomeAppliance-Control
把我房间的灯的色温调为中性色吧,HomeAppliance-Control
空调风速调小些再调小些,HomeAppliance-Control
帮我看下冰箱里的鸡蛋存放了多少天了,HomeAppliance-Control
关闭所有的音响。,HomeAppliance-Control
地暖能否帮我开开,HomeAppliance-Control
请帮我空调暖风改到26吧太低了温度,HomeAppliance-Control
我要烤土豆片吃，蒸烤机切换到双模烧烤吧,HomeAppliance-Control
能不能把空调调成制暖模式,HomeAppliance-Control
把洗衣机调成单烘干模式吧,HomeAppliance-Control
这时候把台灯关了好吗,HomeAppliance-Control
水浸传感器给我关闭呀,HomeAppliance-Control
可以把热水壶打开吗？,HomeAppliance-Control
空调风还是小一点太高了,HomeAppliance-Control
关了空气净化器好吧,HomeAppliance-Control
你现在可以帮我打开电视吗,HomeAppliance-Control
给空调定时两小时后关闭吧,HomeAppliance-Control
帮我把冰箱冷藏室温度设定5℃,HomeAppliance-Control
将空调开启制冷模式吧,HomeAppliance-Control
给我把暖气的进水阀关上,HomeAppliance-Control
帮我把热水器打开,HomeAppliance-Control
可以把二楼的灯全关掉嘛,HomeAppliance-Control
空气净化器设为强风模式可不可以呢,HomeAppliance-Control
调大百分之5风速我是说空调,HomeAppliance-Control
再把空调风速调大一半,HomeAppliance-Control
给我温度往小了调空调的,HomeAppliance-Control
请帮我把暖风温度再往高调一格,HomeAppliance-Control
请帮我空调改成30吧太低了温度,HomeAppliance-Control
把电风扇的风速调低一些，有点冷,HomeAppliance-Control
帮我把蒸烤箱切换到纯蒸模式吧,HomeAppliance-Control
把厨房灯的色温调成白光吧,HomeAppliance-Control
冰箱冷藏调到八度,HomeAppliance-Control
太吵啦空调风速需要小一点,HomeAppliance-Control
给我开一下车库门,HomeAppliance-Control
我要放些三文鱼，帮我让变温抽屉开到冰鲜档,HomeAppliance-Control
我想让衣服快点干，把洗衣机调成单烘干模式吧,HomeAppliance-Control
关闭客厅防盗门指纹锁,HomeAppliance-Control
帮我把空调打开可以不可以,HomeAppliance-Control
十分钟后把微波炉的饭菜热一下吧,HomeAppliance-Control
那个把空调调低10度,HomeAppliance-Control
想喝果汁，帮我把冰箱变温抽屉设为冰镇模式行吗,HomeAppliance-Control
我是说要空调风速达到最高,HomeAppliance-Control
将我的空调温度调高百分之10,HomeAppliance-Control
现在室内湿度够了，帮我将加湿器降到2档吧,HomeAppliance-Control
我好热，帮我开一下空调,HomeAppliance-Control
这时候把客厅的灯来个温馨模式看看吧,HomeAppliance-Control
告诉我下室内PM2.5是多少哈,HomeAppliance-Control
将冰箱开启节能模式行嘛,HomeAppliance-Control
天气冷时空调自动调高温度到三十度,HomeAppliance-Control
床单放进去了，洗衣机切换到漂洗模式,HomeAppliance-Control
等下把冰箱设置为保鲜模式吧,HomeAppliance-Control
能把空调风速调至最大吧,HomeAppliance-Control
现在帮我打开摄像机,HomeAppliance-Control
帮我把冰箱调为恒温可以吗,HomeAppliance-Control
现在可以把空调调低点,HomeAppliance-Control
帮我把台灯的亮度调亮些可以吗,HomeAppliance-Control
我想马上就开开空调,HomeAppliance-Control
帮忙关闭烟雾警报器啊,HomeAppliance-Control
打开投影仪,HomeAppliance-Control
就是打开所有窗户,HomeAppliance-Control
你看一下空调现在是不是处于制冷模式,HomeAppliance-Control
可以让电饭煲调为米饭香甜煮不,HomeAppliance-Control
现在帮我打开一下热水器吧,HomeAppliance-Control
开启试衣间灯光,HomeAppliance-Control
准备出门，帮我关掉空调吧,HomeAppliance-Control
宝宝睡了，帮我把电视声音开小点吧,HomeAppliance-Control
空调冷气的风速放最大,HomeAppliance-Control
提前帮我把浴室的浴霸打开吧,HomeAppliance-Control
电风扇风速怎么低了，帮我开大一点。,HomeAppliance-Control
帮我切换到浴霸制热模式,HomeAppliance-Control
把电视声音调大一些,HomeAppliance-Control
太小了空调风速调至最高,HomeAppliance-Control
快给我打开自动报警系统啊,HomeAppliance-Control
把风扇调到三档可以吗,HomeAppliance-Control
帮我看看洗衣机里的衣服还要多久洗好,HomeAppliance-Control
调小到百分之10我说的空调风速,HomeAppliance-Control
给我开开空气净化机。,HomeAppliance-Control
明早六点打开电饭煲,HomeAppliance-Control
电烧水壶可以工作了,HomeAppliance-Control
空气净化器现在打开吧，房间好久没有通风了,HomeAppliance-Control
有点冷啊让浴霸切换成暖风模式,HomeAppliance-Control
地板打蜡机帮我打开。,HomeAppliance-Control
这时候把风扇调成直吹风好不好呀,HomeAppliance-Control
空调风速太大，调低一点儿,HomeAppliance-Control
锁上主卧的智能门锁。,HomeAppliance-Control
空调的通风模式打开了吗,HomeAppliance-Control
现在有点发热了，帮我把取暖器降一度吧,HomeAppliance-Control
空调调高个5度,HomeAppliance-Control
冰箱冷藏室温度设置成5度吧,HomeAppliance-Control
能不能把窗帘打开，这阳光需要进来,HomeAppliance-Control
放小一点空调风速吧,HomeAppliance-Control
关掉按摩椅。,HomeAppliance-Control
请你帮我把空调温度再往低调3度,HomeAppliance-Control
麻烦帮我打开电视机。,HomeAppliance-Control
关闭车库自动门,HomeAppliance-Control
风速调成7哈,HomeAppliance-Control
所有碗已经洗完了，把洗碗机关上。,HomeAppliance-Control
告诉我下冰箱过期食物可以不可以呢,HomeAppliance-Control
这个烤肉有点没熟，得调高电烤箱的温度。,HomeAppliance-Control
唉你给我把温度调低就这屋空调的,HomeAppliance-Control
我想试试蒸烤箱的纯蒸模式行不行呢,HomeAppliance-Control
冰箱的保鲜模式是否开启,HomeAppliance-Control
我确定我就要打开电脑,HomeAppliance-Control
把空气净化器打开,HomeAppliance-Control
想午睡会儿，帮我把空调切换到睡眠模式吧,HomeAppliance-Control
帮我把收音机打开听下广播吧,HomeAppliance-Control
可不可以帮我把空调温度调到20度呀,HomeAppliance-Control
准备给孩子做蛋糕，帮我切换到烘焙模式行吗,HomeAppliance-Control
可不可以让洗衣机切换到漂洗功能呢,HomeAppliance-Control
晚上睡觉记得把电视关了。,HomeAppliance-Control
人体传感器打开,HomeAppliance-Control
能把空调设为最大空调风速不,HomeAppliance-Control
帮我把电风扇的风速调到二挡,HomeAppliance-Control
客厅的灯太亮了，降低下亮度吧,HomeAppliance-Control
暖风再调低2度热死了,HomeAppliance-Control
空气静化器调到自动模式行不行呢,HomeAppliance-Control
把浴霸切换到吹风功能可以不可以,HomeAppliance-Control
调高南边的空调,HomeAppliance-Control
打开一下烤箱吧，准备烤鸡翅啦,HomeAppliance-Control
给我开一下卧室的空调,HomeAppliance-Control
我需要你把健身房的空调开到20度,HomeAppliance-Control
能不能让冰箱冷藏室温度调到4度呢,HomeAppliance-Control
这电扇风速太大了，快调低点儿,HomeAppliance-Control
调高空调听到没有,HomeAppliance-Control
把空气净化器调成弱风好吗,HomeAppliance-Control
拔掉饮水机的电源。,HomeAppliance-Control
我需要关了电脑,HomeAppliance-Control
让电扇摇头可以不可以嘛,HomeAppliance-Control
这个屋空调的风速调至最强,HomeAppliance-Control
今天太热了，快帮我打开空调并且调到18度,HomeAppliance-Control
一个半小时后帮我关掉热水器,HomeAppliance-Control
打开一下空气清洁器，空气不好,HomeAppliance-Control
记得帮忙关掉电脑,HomeAppliance-Control
加湿器设置成六十五度就行,HomeAppliance-Control
把台灯的亮度调到40%就行,HomeAppliance-Control
帮我把微波炉切换到解冻模式吧,HomeAppliance-Control
地上灰尘有点多，帮我把吸尘器打开吧,HomeAppliance-Control
请给我把暖风调低点啦,HomeAppliance-Control
空调调成最大风速,HomeAppliance-Control
关闭洗碗机,HomeAppliance-Control
这空调风速调大啊,HomeAppliance-Control
有点热，帮我把风扇风力调大些,HomeAppliance-Control
风扇定时一小时后关机,HomeAppliance-Control
开启全部灯的夜间模式,HomeAppliance-Control
影音厅播放唐3,HomeAppliance-Control
现在让风扇停止摇头好吗,HomeAppliance-Control
帮我关掉家里所有灯吧,HomeAppliance-Control
有点冷了空调设置成制热吧,HomeAppliance-Control
帮我把床头灯打开一下好吗,HomeAppliance-Control
十分钟之后把空调调成十八度,HomeAppliance-Control
天然气警报器打开,HomeAppliance-Control
帮我把卧室的灯来个浪漫模式吧,HomeAppliance-Control
把客厅空调温度设为二十度,HomeAppliance-Control
洗碗机现在是在进行消毒吗,HomeAppliance-Control
热水器加热到七十五度就自动关机,HomeAppliance-Control
暖风再调高2度西屋空调的,HomeAppliance-Control
帮我看看空调是多少度,HomeAppliance-Control
可不可以把冷冻室湿度调为零下15度呢,HomeAppliance-Control
晚上七点打开电脑,HomeAppliance-Control
打开客厅摄像头我看一下,HomeAppliance-Control
现在将客厅的灯开启日常模式吧,HomeAppliance-Control
阳光太刺眼了，帮我把窗帘关上吧,HomeAppliance-Control
把电磁炉先预热到三百度,HomeAppliance-Control
打开智能声控灯,HomeAppliance-Control
打开智能机器人，让它给我讲故事,HomeAppliance-Control
请你帮我把空调的温度调低亮度,HomeAppliance-Control
我现在需要查资料，帮我打开电脑。,HomeAppliance-Control
空调风速调小两个格呀,HomeAppliance-Control
请帮我空调调成26吧太高了温度,HomeAppliance-Control
把热水器水温调到30度。,HomeAppliance-Control
关上客厅大灯,HomeAppliance-Control
请将空气净化器调到自动模式,HomeAppliance-Control
洗碗机的消毒模式切换一下,HomeAppliance-Control
帮忙说下现在空调设置的度数吧,HomeAppliance-Control
给我把太阳能的加热模式打开。,HomeAppliance-Control
把空调温度调高一点吧,HomeAppliance-Control
快把灯关了,HomeAppliance-Control
关闭密码箱自动锁,HomeAppliance-Control
洗衣机设置为单烘干好吗,HomeAppliance-Control
儿童房的空调风速低点低点,HomeAppliance-Control
准备睡觉了，帮我把投影仪关掉吧,HomeAppliance-Control
帮我把台灯调成温馨模式吧,HomeAppliance-Control
想做点蛋糕试试，帮我切换到烘焙模式吧,HomeAppliance-Control
今天下雪了好冷呀，把中央空调设置为加热模式吧,HomeAppliance-Control
我要你关闭水浸传感器啊,HomeAppliance-Control
房间有点脏了，扫地机器人工作啦,HomeAppliance-Control
可以帮我把空调的风速改为自动模式吗,HomeAppliance-Control
能帮我把空调风速调至10吧,HomeAppliance-Control
洗衣机脱水模式帮我开一下吧，我要脱一下这衣服的水,HomeAppliance-Control
取暖器温度显示多少呢,HomeAppliance-Control
停电了，立即关闭热水器电源,HomeAppliance-Control
准备收拾房间了，扫地机器人工作吧,HomeAppliance-Control
能让空调风小到百分之60吧,HomeAppliance-Control
能帮我把空调调到十八度吗,HomeAppliance-Control
将空调开启干燥模式,HomeAppliance-Control
把空调调的低一点儿,HomeAppliance-Control
中午还剩下一些米饭，帮我把电饭煲开启热饭功能吧,HomeAppliance-Control
空调帮我关上可以吧,HomeAppliance-Control
能不能关闭浴霸所有功能,HomeAppliance-Control
厨房色温调成中性灯吧,HomeAppliance-Control
空调风速要放最大啦,HomeAppliance-Control
你现在能把电脑打开吗,HomeAppliance-Control
电脑出问题了，帮我关掉它,HomeAppliance-Control
快给我把空调再调低一点,HomeAppliance-Control
帮我把空调的风速调到自动模式吧,HomeAppliance-Control
现在帮我打开吸尘器,HomeAppliance-Control
打开自动报警系统,HomeAppliance-Control
买了点人参，这时候给变温抽屉改为冷鲜模式吧,HomeAppliance-Control
除湿机显示一下当前卧室湿度,HomeAppliance-Control
调大一些空调的湿度,HomeAppliance-Control
帮我把客厅的湿度器开一下吧,HomeAppliance-Control
这时候帮我打开风扇照明灯,HomeAppliance-Control
洗澡时热水器用五十度的热水就好,HomeAppliance-Control
我想休息一会，帮我把风扇调为睡眠风吧,HomeAppliance-Control
空调温度升高些啊,HomeAppliance-Control
帮我把电视的声音调大一些,HomeAppliance-Control
关小点空调风,HomeAppliance-Control
我想把空调设置成左右扫风,HomeAppliance-Control
空调风速减掉5,HomeAppliance-Control
全屋启动安全模式,HomeAppliance-Control
开启十五分钟洗衣模式，赶时间呀,HomeAppliance-Control
不想出去，帮我打开家里的微小投影仪看下电影吧,HomeAppliance-Control
空调风速稍微小点有点儿吹,HomeAppliance-Control
把高压锅关掉。,HomeAppliance-Control
给我关上天然气警报器,HomeAppliance-Control
我现在想看电影，给我打开投影仪。,HomeAppliance-Control
十分钟后将电饭煲切换到炖汤模式,HomeAppliance-Control
帮我看下现在空调是什么模式吧,HomeAppliance-Control
开启全屋杀菌模式,HomeAppliance-Control
十分钟后帮我开启蒸烤箱的披萨模式吧,HomeAppliance-Control
电扇风速太小，往大调一档,HomeAppliance-Control
现在帮我把厨房的灯关上吧,HomeAppliance-Control
台灯的点刺眼，帮我调成温馨模式好吗,HomeAppliance-Control
给我把空调风往低放,HomeAppliance-Control
风扇的静音模式现在打开一下。,HomeAppliance-Control
让空调在一小时后关机好吗,HomeAppliance-Control
开启空调设置为26度,HomeAppliance-Control
昨天没扫地，打开扫地机器人。,HomeAppliance-Control
调低南边儿次卧的空调温度,HomeAppliance-Control
宝宝怕冷，把空调的温度再提高两度好吗,HomeAppliance-Control
打开热水器，烧到45度。,HomeAppliance-Control
空调现在多少度啊太冷了关了吧,HomeAppliance-Control
豆浆机给我换到炖煮模式。,HomeAppliance-Control
帮我把加湿器开成夜间模式吧,HomeAppliance-Control
麻烦把空气炸锅调为智能模式。,HomeAppliance-Control
卧室空调温度上升一些,HomeAppliance-Control
室内太干燥，帮我将加湿器调到3档吧,HomeAppliance-Control
帮我把咖啡机打开,HomeAppliance-Control
这时候帮我开下电视行嘛,HomeAppliance-Control
太热了，电风扇调到三档吧,HomeAppliance-Control
冰箱的自动清洁现在开启,HomeAppliance-Control
把洗衣机调成消毒洗好不好呀,HomeAppliance-Control
蒸烤箱切换到热风对流功能吧,HomeAppliance-Control
空调温度降低一些,HomeAppliance-Control
准备睡觉了，把空气净化器开成睡眠模式吧,HomeAppliance-Control
空调风速快点儿调大一点,HomeAppliance-Control
给我关了豆浆机。,HomeAppliance-Control
可以帮我关掉洗衣机吗，我要出去了,HomeAppliance-Control
现在将空调开启制热模式吧,HomeAppliance-Control
给我关掉电熨斗。,HomeAppliance-Control
我打算五分钟后开电视机,HomeAppliance-Control
屋里空调风速调大,HomeAppliance-Control
让空调风速再快些,HomeAppliance-Control
我需要打开人体传感器,HomeAppliance-Control
播放音乐暖风调低,HomeAppliance-Control
把空调从高档风速调成低档风速,HomeAppliance-Control
你给我打开人体传感器啊,HomeAppliance-Control
帮我把空气净化器调成弱风吧,HomeAppliance-Control
准备洗澡了，帮我打开浴霸吧,HomeAppliance-Control
把冰箱冷藏室温度调到6度吧,HomeAppliance-Control
空调风速太大，往低调一档,HomeAppliance-Control
调成空调最低温度给我,HomeAppliance-Control
三十分钟后关闭卧室的智能台灯,HomeAppliance-Control
是否帮我把空调模式改为送风,HomeAppliance-Control
你看这天气要下雨了，帮我把空调的除湿功能打开,HomeAppliance-Control
帮我看下取暖器温度可以吗,HomeAppliance-Control
打开热水器吧，我要洗澡,HomeAppliance-Control
我想烤红薯，帮我把蒸烤箱切换到上下烤模式吧,HomeAppliance-Control
给我打开全屋通风系统,HomeAppliance-Control
开启屋内自动报警系统,HomeAppliance-Control
没风 给我调大点儿空调风速啊,HomeAppliance-Control
这时候让空调左右热风可以不,HomeAppliance-Control
卧室的空调风速减11,HomeAppliance-Control
让空调左右扫风行不行呢,HomeAppliance-Control
再把空调暖风开大点儿,HomeAppliance-Control
我想的是一会儿把电视机打开,HomeAppliance-Control
洗衣机来个除螨洗怎么样,HomeAppliance-Control
关闭水浸传感器,HomeAppliance-Control
告诉我现在冰箱冰冻室温度是多少吧,HomeAppliance-Control
把除湿机的风速提高些,HomeAppliance-Control
我要起床，可以帮我开下灯吗,HomeAppliance-Control
空调调高10度我冷,HomeAppliance-Control
将客厅的灯色温调成中性光好吗,HomeAppliance-Control
把空调风速调大很多,HomeAppliance-Control
电饭煲切换到酸奶模式来做个芒果酸奶,HomeAppliance-Control
调低点空调风大的要命,HomeAppliance-Control
风扇风调为最大试试看哟,HomeAppliance-Control
把空调设置为睡眠模式吧，我要睡觉了,HomeAppliance-Control
空调风速关小到百分之20,HomeAppliance-Control
帮我把冷冻室的湿度调到零下16度行不行呢,HomeAppliance-Control
调小一点儿健身房的空调,HomeAppliance-Control
5分钟后帮我把蒸烤箱设置为烘烤模式,HomeAppliance-Control
这时候帮我把中央空调打开一下吧,HomeAppliance-Control
帮我把空调调高1度,HomeAppliance-Control
麻烦给我关上水浸传感器,HomeAppliance-Control
将走廊上的灯打开,HomeAppliance-Control
请关上训练室的灯,HomeAppliance-Control
请将空调温度再调高一度吧,HomeAppliance-Control
给我的电动车充电打开智能充电桩,HomeAppliance-Control
我打算十分钟之后把空调打开,HomeAppliance-Control
给我开灯这屋的,HomeAppliance-Control
今天想给宝宝做溶豆，帮我切换到烤箱预热吧,HomeAppliance-Control
这冰箱制冷好像坏了，帮我把冰箱先关掉吧,HomeAppliance-Control
我想用空调的低风风速,HomeAppliance-Control
下雪了，帮我打开取暖器暖和暖和吧,HomeAppliance-Control
暖风改成26吧我吹吹,HomeAppliance-Control
怎么那么多垃圾，请把扫地机器人打开,HomeAppliance-Control
想自己做酸奶试试，帮我把电饭煲开到酸奶模式吧,HomeAppliance-Control
打开智能插座，自动为手机充电,HomeAppliance-Control
空调调为变频模式可以吗,HomeAppliance-Control
帮我把监控关了,HomeAppliance-Control
能不能把空调开启制冷模式,HomeAppliance-Control
能不能将空调设为上下扫风呀,HomeAppliance-Control
客人走后，关闭吸尘器,HomeAppliance-Control
今天有点冷啊，帮我把空调设置为制热吧,HomeAppliance-Control
打开温湿度传感器，我想让它播报室内湿度,HomeAppliance-Control
请把这屋空调暖风温度再往低调一点,HomeAppliance-Control
空调温度调成16度,HomeAppliance-Control
天气太干燥了，湿度器升到65吧,HomeAppliance-Control
我想烧些热水，帮我打开电热水壶,HomeAppliance-Control
今天温度有点低啊，帮我把空调切换到制热模式吧,HomeAppliance-Control
帮我把热水器调节到28度,HomeAppliance-Control
暖风降低一些空调的,HomeAppliance-Control
洗好了，现在把洗衣机关掉吧,HomeAppliance-Control
五分钟后将烤箱的温度上调一档。,HomeAppliance-Control
你这么大空调风速干嘛调小点儿,HomeAppliance-Control
将儿童房的台灯打开好吗,HomeAppliance-Control
这个电视的声音有点大，放小一些吧,HomeAppliance-Control
今天天气真好，帮我打开窗帘透透气,HomeAppliance-Control
我要用最大的风速吹客厅 空调啊,HomeAppliance-Control
风扇风速调为2档好么,HomeAppliance-Control
帮我调低1度空调的,HomeAppliance-Control
这时候告诉我下蒸烤箱蒸箱里的温度是多少,HomeAppliance-Control
打开屋里的人体传感器,HomeAppliance-Control
将空调温度再调高一度你看行吗,HomeAppliance-Control
把空调温度改成百分之100最大,HomeAppliance-Control
40分钟后打开电视,HomeAppliance-Control
给我次卧空调调高到28度,HomeAppliance-Control
这时候将浴霸关掉吧,HomeAppliance-Control
帮我打开厨房的灯吧，要做晚餐了,HomeAppliance-Control
把所有卧室的空调风速都调大,HomeAppliance-Control
帮我把空调的温度再低点,HomeAppliance-Control
空调风速再放小一点到3,HomeAppliance-Control
再小五格这个卧室的空调风速,HomeAppliance-Control
打开音响播放轻音乐,HomeAppliance-Control
我要把空调开到19度,HomeAppliance-Control
有点冷关了空调吧,HomeAppliance-Control
空调温度能否再调高两度,HomeAppliance-Control
空调风速再给我调大百分之10,HomeAppliance-Control
打开空调，调至26度,HomeAppliance-Control
给我开一下天然气的阀门,HomeAppliance-Control
帮我把隔壁的房间的台灯打开,HomeAppliance-Control
我准备把空调调到二十六度,HomeAppliance-Control
设置空调21摄氏度。,HomeAppliance-Control
准备睡觉了，帮我把室内的全部灯都关上吧,HomeAppliance-Control
烟火报警器开一下。,HomeAppliance-Control
帮我把卧室的灯调成暖光可以不呢,HomeAppliance-Control
把全部灯关掉可以不可以,HomeAppliance-Control
洗衣机启动智能洗好吗,HomeAppliance-Control
一小时后帮我把微波炉里的米饭热下吧,HomeAppliance-Control
是的关上暖气进水阀,HomeAppliance-Control
把冰箱冷冻室温度调为零下19度吧,HomeAppliance-Control
给我开一下儿童房的灯,HomeAppliance-Control
调大一点吧空调的风速,HomeAppliance-Control
把客厅灯的亮度调到60%就行啦,HomeAppliance-Control
说下冰箱冷藏室现在有哪些食物吧,HomeAppliance-Control
空调风太小了调大一点,HomeAppliance-Control
空调温度调高些,HomeAppliance-Control
我想把电视机关了，有点吵。,HomeAppliance-Control
空调风速太高啦小一点,HomeAppliance-Control
现在帮我开启一下洗衣机的单烘干模式吧,HomeAppliance-Control
今天湿度有点低啊，帮我打开取暖器吧,HomeAppliance-Control
要出去了，帮我把家里的中央空调关上,HomeAppliance-Control
可以帮我打开空气净化器吗,HomeAppliance-Control
预约两小时后关闭风扇可以吗,HomeAppliance-Control
打开健身房的空调,HomeAppliance-Control
给我把空调风速调大,HomeAppliance-Control
可不可以帮我把加湿器开成夜间模式呢,HomeAppliance-Control
把电风扇风速调快一档。,HomeAppliance-Control
把风扇调整为自然风可以不可以,HomeAppliance-Control
谁让你把空调风调小了大一点儿,HomeAppliance-Control
帮我把空调风调小一点呀,HomeAppliance-Control
这时候请帮我关闭电扇吧,HomeAppliance-Control
怎么这么冷，告诉我下取暖器温度是多少呀,HomeAppliance-Control
能把空调风调低点吗,HomeAppliance-Control
小一点空调风4就够,HomeAppliance-Control
现在性能最好的AGP插口的显卡是哪一款,HomeAppliance-Control
帮我把蒸烤箱切换到3D热风模式,HomeAppliance-Control
帮忙把空调的风速调节到自动模式,HomeAppliance-Control
这时候帮我关掉摄像头吧,HomeAppliance-Control
现在打开收音机,HomeAppliance-Control
请将风速调至4好吗,HomeAppliance-Control
给我空调风速减小减小,HomeAppliance-Control
空调风速调至4就行,HomeAppliance-Control
把卧室里的灯光调暗,HomeAppliance-Control
让洗衣机开始漂洗好吧,HomeAppliance-Control
帮我查询下室内湿度是多少吧,HomeAppliance-Control
热水器现在调到恒温模式,HomeAppliance-Control
是否让空调温度再高一点呢,HomeAppliance-Control
空调调低百分之5到20度,HomeAppliance-Control
有点太热了，中央空调温度再调低点,HomeAppliance-Control
提前帮我打开卫生间的灯吧,HomeAppliance-Control
拿得起放不下的是筷子,HomeAppliance-Control
空调的风速调低一点儿,HomeAppliance-Control
怎么去除硫酸钠中混有的碳酸钠,HomeAppliance-Control
把冰箱冷藏室温度调低1度吧,HomeAppliance-Control
帮我把蒸烤箱切换到纯蒸模式好吗,HomeAppliance-Control
打开厨房天然气阀门,HomeAppliance-Control
帮我把客厅空调调成循环送风模式,HomeAppliance-Control
帮我将加湿器调到2档可以吧,HomeAppliance-Control
可以帮我看下取暖器温度吗,HomeAppliance-Control
超级秋秋开通有秋秋一点六等级加速吗,HomeAppliance-Control
是否可以帮我把空调调为节能模式呢,HomeAppliance-Control
把房间的灯的色温调为白光吧,HomeAppliance-Control
曹云金说他的后车玻璃被砸了并称刘可有砸车的动机,HomeAppliance-Control
出门前记得把电风扇关掉。,HomeAppliance-Control
是说客厅空调调高温度,HomeAppliance-Control
太冷了，把空调温度调到二十二度,HomeAppliance-Control
可不可以帮我把电饭煲调为米饭香甜煮,HomeAppliance-Control
给我调大一点风速 保姆房的空调的,HomeAppliance-Control
我弄好了还没挤出来呢等我十分钟,HomeAppliance-Control
帮我打开收音机听下吧，打发打发时间,HomeAppliance-Control
帮我把取暖器温度再调高点吧,HomeAppliance-Control
调一下冰箱温度到零度,HomeAppliance-Control
把客厅空调风速调大一点,HomeAppliance-Control
这时候帮我把空调调成节能模式行嘛,HomeAppliance-Control
把洗衣机这时候关掉吧,HomeAppliance-Control
这时候请打开空气净化器吧,HomeAppliance-Control
电脑怎么关机了，帮我打开。,HomeAppliance-Control
打开音响,HomeAppliance-Control
把灯的亮度调高一点吧,HomeAppliance-Control
我的饭冷了，帮我把微波炉温度调高一档。,HomeAppliance-Control
调成最低温度,HomeAppliance-Control
扫地机器人可以正常开机吗？,HomeAppliance-Control
天气有点干燥，湿度器开一下吧,HomeAppliance-Control
再把空调调低6度,HomeAppliance-Control
我要放些牛肉，帮我让变温抽屉开到冰鲜档吧,HomeAppliance-Control
可以把空气净化器调成弱风吗,HomeAppliance-Control
空调风速降低些吧,HomeAppliance-Control
现在帮我把洗碗机打开,HomeAppliance-Control
可以把空调的风向设置成自动模式吗,HomeAppliance-Control
衣服放洗衣机了，那么预约明天八点洗衣吧,HomeAppliance-Control
帮我打开客厅的灯好不好呀,HomeAppliance-Control
电视声音量再大一点行不行呢,HomeAppliance-Control
将风扇调成自然风试试看哟,HomeAppliance-Control
好热呀，帮我把空调温度再调低五度,HomeAppliance-Control
把厨房灯的色温调为白光,HomeAppliance-Control
空调风速小点哦,HomeAppliance-Control
空调调为制热模式可以吗,HomeAppliance-Control
这个电饭煲可以关闭了,HomeAppliance-Control
我们可以远程关闭卧室的智能台灯,HomeAppliance-Control
可以不可以帮我把取暖温度调到28度,HomeAppliance-Control
空调要调低10度,HomeAppliance-Control
门窗传感器快点儿打开,HomeAppliance-Control
吸尘器静音,HomeAppliance-Control
风速卧室空调风速到最大呀,HomeAppliance-Control
关闭小夜灯,HomeAppliance-Control
早上起床后，你可以帮我打开我的电动牙刷吗？,HomeAppliance-Control
新一代苹果IPHONE手机,HomeAppliance-Control
我要用家用摄像机。,HomeAppliance-Control
帮我把空调调整为节能模式吧,HomeAppliance-Control
三十二寸平板高清市场售价多少钱海信新款系列,HomeAppliance-Control
帮我插上电饭煲的电源。,HomeAppliance-Control
能不能让洗衣机马上进入脱水呢,HomeAppliance-Control
今天太累了，帮我打开电动按摩器吧，我需要按摩,HomeAppliance-Control
打开一下卧室空调吧，天气有点热了,HomeAppliance-Control
现在把空调设置为节能模式，太费电啦,HomeAppliance-Control
我让你打开自动报警系统,HomeAppliance-Control
帮我开一下洗衣机，我要洗衣服,HomeAppliance-Control
可以把客厅空调调成送风模式吗,HomeAppliance-Control
请给我把暖风的温度调高百分之10,HomeAppliance-Control
可以帮我打开床头灯吗,HomeAppliance-Control
我要关闭按摩椅。,HomeAppliance-Control
空调调成制暖模式可以不可以,HomeAppliance-Control
便捷的电脑中的复制和粘贴法,HomeAppliance-Control
浴室温度有点低啊，浴霸换成强暖模式,HomeAppliance-Control
试试蒸烤箱的3D热风模式可不可以呢,HomeAppliance-Control
快点让冰箱停止工作吧,HomeAppliance-Control
让洗衣机切换到除螨洗功能吧,HomeAppliance-Control
把空调风开小一点儿,HomeAppliance-Control
打开电视和机顶盒可不可以呀,HomeAppliance-Control
我想打开电视,HomeAppliance-Control
天太冷了，能不能将热水器的温度提升到50度,HomeAppliance-Control
空调的度数可以再调高三度吗,HomeAppliance-Control
帮我关掉电磁炉，饭已经煮好了,HomeAppliance-Control
电视机开太久了帮我关一下,HomeAppliance-Control
可以让洗衣机调成消毒洗吗,HomeAppliance-Control
这时帮我把电饭煲切换到煮粥模式好吗,HomeAppliance-Control
昨天衣服已经放洗衣机了，现在开机然后开启漂洗模式吧,HomeAppliance-Control
可以帮我把洗衣机设置为混合洗吗,HomeAppliance-Control
多少钱一瓶八四消毒液,HomeAppliance-Control
空气净化器调为睡眠模式好吗,HomeAppliance-Control
空调风速调最高,HomeAppliance-Control
是的开到最大空调风速,HomeAppliance-Control
客厅的空气净化器打开了吗，没有打开的话就帮我打开,HomeAppliance-Control
弄了包流量后在哪里面进去,HomeAppliance-Control
空调调到20度行不行呢,HomeAppliance-Control
调大一些客厅的空调风速,HomeAppliance-Control
将电视声音调小一点吧,HomeAppliance-Control
开启花园自动喷灌,HomeAppliance-Control
是否可以帮我开下电视呢,HomeAppliance-Control
太热啦，帮我把风扇调成最大风量,HomeAppliance-Control
我想调至最大的风速10,HomeAppliance-Control
把空调调到16度。,HomeAppliance-Control
打开我的全部的窗户,HomeAppliance-Control
快点帮我把空调调成除霜模式吧,HomeAppliance-Control
请帮我调大一点风速谢谢,HomeAppliance-Control
我要出门了，电视机自动关机,HomeAppliance-Control
我必须马上关掉空调,HomeAppliance-Control
请调低一点温度空调的,HomeAppliance-Control
关掉客厅的灯，我要去卧室了,HomeAppliance-Control
让风扇停止摇头可以不可以,HomeAppliance-Control
你看这个地真脏，把扫地机器人的打扫模式打开,HomeAppliance-Control
打开影音厅的灯光,HomeAppliance-Control
调节烤箱的温度到五十度,HomeAppliance-Control
风太小了，把风扇调到三档风速好吗,HomeAppliance-Control
说下冰箱冷冻室现在是多少度吧,HomeAppliance-Control
我不用电脑了,HomeAppliance-Control
将洗衣机选择除螨洗可不可以呢,HomeAppliance-Control
把空调调到二十六度,HomeAppliance-Control
可以告诉我下冰箱哪些食物即将过期吗,HomeAppliance-Control
取暖器温度帮我调高两度,HomeAppliance-Control
有事要出去，帮我把微波炉关上吧,HomeAppliance-Control
调低4度主卧空调的,HomeAppliance-Control
打开热水器吧，准备沐浴了,HomeAppliance-Control
我想洗一件羊毛大衣，帮我切换到洗衣机的羊毛洗模式,HomeAppliance-Control
室内PM2.5是多少呢，告诉我下,HomeAppliance-Control
可以不可以帮我打开取暖器呀,HomeAppliance-Control
清华紫光U盘在中国的售量排第几,HomeAppliance-Control
好热呀风扇风调为最大,HomeAppliance-Control
把空调风速放最大去,HomeAppliance-Control
可不可以让电饭煲设置保温30分钟,HomeAppliance-Control
智能台灯的颜色帮我调亮些,HomeAppliance-Control
将微波炉打开，我要加热食物。,HomeAppliance-Control
帮我打开卫生间的灯好吧,HomeAppliance-Control
空调可以帮我调成节能模式呢,HomeAppliance-Control
净水器四个小时后关机,HomeAppliance-Control
请查一下我这部手机为什么呼叫被禁止,HomeAppliance-Control
可不可以把浴霸切换到强暖模式呢,HomeAppliance-Control
打开宠物喂食器，让它自动给狗狗喂食,HomeAppliance-Control
空调调成28度行不行嘛,HomeAppliance-Control
预约下明天早上八点开启电饭煲然后调到煮粥模式,HomeAppliance-Control
我想让阳光照进来，帮我打开窗帘吧,HomeAppliance-Control
打开主卧的空气净化器吧,HomeAppliance-Control
帮我把蒸烤箱切换到热风烧烤吧，想烤鸡翅吃,HomeAppliance-Control
这时候把客厅的灯来个温馨模式吧,HomeAppliance-Control
我要你关掉自动报警系统,HomeAppliance-Control
帮我打开客厅摄像头吧,HomeAppliance-Control
帮我把取暖温度调到29度,HomeAppliance-Control
台灯有点暗，帮忙把亮度调亮些,HomeAppliance-Control
不好意思手机没钱罢工了有机会再聊,HomeAppliance-Control
帮我把剃须刀关了吧。,HomeAppliance-Control
给我把收音机打开。,HomeAppliance-Control
将电视机的声音调小,HomeAppliance-Control
30分钟后打开空气净化器,HomeAppliance-Control
这时候还不饿，帮我把电饭煲开启保温功能等下再吃吧,HomeAppliance-Control
我这屋空调调低3℃啊,HomeAppliance-Control
给空调定一小时后关闭,HomeAppliance-Control
现在将冰箱的冷冻室温度设定为-18℃,HomeAppliance-Control
去关掉洗碗机。,HomeAppliance-Control
我想试试空气净化器的强风功能可不可以,HomeAppliance-Control
暖风再往高调一下客厅空调的,HomeAppliance-Control
把灯亮度调节成百分之四十,HomeAppliance-Control
洗碗机切换成烘干模式吧,HomeAppliance-Control
消毒柜已经完成消毒任务了，把它关掉。,HomeAppliance-Control
给他最大空调风速吹一下,HomeAppliance-Control
关闭暖气进水阀门,HomeAppliance-Control
家里温度降下来了，现在开启空调节能模式吧,HomeAppliance-Control
电视只有声音而没有图像该打什么号码的电话,HomeAppliance-Control
今天空气好干燥，帮我把加湿器打开吧,HomeAppliance-Control
你还挺逗谁说有彩灯就好看啊,HomeAppliance-Control
给我打开空气净化器,HomeAppliance-Control
好干燥，帮我把加湿器打开吧,HomeAppliance-Control
一个人要不正经连头疼都是偏的,HomeAppliance-Control
打开空调的暖风，调至30度,HomeAppliance-Control
可不可以把客厅的灯来个聚会模式呢,HomeAppliance-Control
什么是简单随机抽样和分类抽样,HomeAppliance-Control
中信信用卡分期付款手续费,HomeAppliance-Control
这时候帮我把电视关机可以吗,HomeAppliance-Control
调高一下风扇的风速。,HomeAppliance-Control
帮我把空调温度调到19度,HomeAppliance-Control
把空调打开。,HomeAppliance-Control
打开客厅的空调制热我想,HomeAppliance-Control
把淋浴器打开。,HomeAppliance-Control
冰箱牛奶还有几瓶呢，告诉我下吧,HomeAppliance-Control
等会儿帮我把电脑打开,HomeAppliance-Control
将浴霸调到强暖模式行嘛,HomeAppliance-Control
空调风小点5吧,HomeAppliance-Control
电磁炉开启2100W大火力,HomeAppliance-Control
洗衣机开始脱水了吗，有点着急,HomeAppliance-Control
联想液晶电脑比方正液晶电脑好很多吗,HomeAppliance-Control
帮我把冰箱的电源关掉。,HomeAppliance-Control
帮我让洗衣机脱水吧,HomeAppliance-Control
这时候关掉摄像头吧,HomeAppliance-Control
热水器的温度太高了，帮我关小一点,HomeAppliance-Control
好啦关掉客厅的灯吧,HomeAppliance-Control
将灯光调为温馨模式好么,HomeAppliance-Control
快点儿打开厨房的油烟机,HomeAppliance-Control
稍小点客厅空调风速,HomeAppliance-Control
